

[
    {
        "image": "assets/hide&seek.png",
        "title": "Hide and Seek",
        "author": "Olivia Wilson"
    },
    {
        "image": "assets/fiction-novel-book-cover-template.jpg",
        "title": "Never Ending Sky",
        "author": "Joseph Kirkland"
    },
    {
        "image": "assets/forrest-gump-1986.jpg",
        "title": "Forrest Gump",
        "author": "Winston Groom"
    },
    {
        "image": "assets/notes.jpg",
        "title": "Notes From Underground",
        "author": "Fyodor Dostoevsky"
    },
    {
        "image": "assets/ahmadMushtaq.jpg",
        "title": "Majmu-a-Kalam",
        "author": "Ahmad Mushtaq"
    },
    {
        "image": "assets/One-Hundred.jpg",
        "title": "One Hundred Years of Solitude",
        "author": "Gabriel García Márquez"
    },
    {
        "image": "assets/the-godfather-mario-puzo.jpg",
        "title": "The Godfather",
        "author": "Mario Puzo"
    },
    {
        "image": "assets/irfanSiddique.jpg",
        "title": "Shehr-e-Malal",
        "author": "Irfan Siddique"
    }
]
