[
    {
        "image": "assets/hide&seek.png",
        "title": "Hide and Seek",
        "author": "Olivia Wilson",
        "desc": "Decription of the book will be here."
    },
    {
        "image": "assets/fiction-novel-book-cover-template.jpg",
        "title": "Never Ending Sky",
        "author": "Joseph Kirkland",
        "desc": "Decription of the book will be here."
    },
    {
        "image": "assets/forrest-gump-1986.jpg",
        "title": "Forrest Gump",
        "author": "Winston Groom",
        "desc": "Decription of the book will be here."
    },
    {
        "image": "assets/notes.jpg",
        "title": "Notes From Underground",
        "author": "Fyodor Dostoevsky",
        "desc": "Decription of the book will be here."
    },
    {
        "image": "assets/ahmadMushtaq.jpg",
        "title": "Majmu-a-Kalam",
        "author": "Ahmad Mushtaq",
        "desc": "Decription of the book will be here."
    },
    {
        "image": "assets/One-Hundred.jpg",
        "title": "One Hundred Years of Solitude",
        "author": "Gabriel García Márquez",
        "desc": "Decription of the book will be here."
    },
    {
        "image": "assets/the-godfather-mario-puzo.jpg",
        "title": "The Godfather",
        "author": "Mario Puzo",
        "desc": "Decription of the book will be here."
    },
    {
        "image": "assets/irfanSiddique.jpg",
        "title": "Shehr-e-Malal",
        "author": "Irfan Siddique",
        "desc": "Decription of the book will be here."
    }
]
